SQL> 
SQL> -- STEP 1
SQL> ALTER TABLE rental_item
  2  ADD (rental_item_type NUMBER)
  3  ADD (rental_item_price NUMBER);

Table altered.

SQL> 
SQL> -- CONFIRM
SQL> SET NULL ''
SQL> COLUMN table_name	 FORMAT A14
SQL> COLUMN column_id	 FORMAT 9999
SQL> COLUMN column_name  FORMAT A22
SQL> COLUMN data_type	 FORMAT A12
SQL> SELECT   table_name
  2  ,	      column_id
  3  ,	      column_name
  4  ,	      CASE
  5  		WHEN nullable = 'N' THEN 'NOT NULL'
  6  		ELSE ''
  7  	      END AS nullable
  8  ,	      CASE
  9  		WHEN data_type IN ('CHAR','VARCHAR2','NUMBER') THEN
 10  		  data_type||'('||data_length||')'
 11  		ELSE
 12  		  data_type
 13  	      END AS data_type
 14  FROM     user_tab_columns
 15  WHERE    table_name = 'RENTAL_ITEM'
 16  ORDER BY 2;

                         Column                                                 
Table Name     COLUMN_ID Name                   NULLABLE DATA_TYPE              
-------------- --------- ---------------------- -------- ------------           
RENTAL_ITEM            1 RENTAL_ITEM_ID         NOT NULL NUMBER(22)             
RENTAL_ITEM            2 RENTAL_ID              NOT NULL NUMBER(22)             
RENTAL_ITEM            3 ITEM_ID                NOT NULL NUMBER(22)             
RENTAL_ITEM            4 CREATED_BY             NOT NULL NUMBER(22)             
RENTAL_ITEM            5 CREATION_DATE          NOT NULL DATE                   
RENTAL_ITEM            6 LAST_UPDATED_BY        NOT NULL NUMBER(22)             
RENTAL_ITEM            7 LAST_UPDATE_DATE       NOT NULL DATE                   
RENTAL_ITEM            8 RENTAL_ITEM_TYPE                NUMBER(22)             
RENTAL_ITEM            9 RENTAL_ITEM_PRICE               NUMBER(22)             

9 rows selected.

SQL> 
SQL> -- STEP 2
SQL> CREATE TABLE price
  2  ( price_id 		       NUMBER	    CONSTRAINT nn_price_1  NOT NULL
  3  , item_id			       NUMBER	    CONSTRAINT nn_price_2  NOT NULL
  4  , price_type		       NUMBER
  5  , active_flag		       VARCHAR2(1)  CONSTRAINT nn_price_3  NOT NULL
  6  , start_date		       DATE	    CONSTRAINT nn_price_4  NOT NULL
  7  , end_date 		       DATE
  8  , amount			       NUMBER	    CONSTRAINT nn_price_5  NOT NULL
  9  , created_by		       NUMBER	    CONSTRAINT nn_price_6  NOT NULL
 10  , creation_date		       DATE	    CONSTRAINT nn_price_7  NOT NULL
 11  , last_updated_by		       NUMBER	    CONSTRAINT nn_price_8  NOT NULL
 12  , last_update_date 	       DATE	    CONSTRAINT nn_price_9  NOT NULL
 13  , CONSTRAINT pk_price_1 PRIMARY KEY(price_id)
 14  , CONSTRAINT fk_price_1 FOREIGN KEY(item_id)	  REFERENCES item(item_id)
 15  , CONSTRAINT fk_price_2 FOREIGN KEY(price_type)	  REFERENCES common_lookup(common_lookup_id)
 16  , CONSTRAINT fk_price_3 FOREIGN KEY(created_by)	  REFERENCES system_user(system_user_id)
 17  , CONSTRAINT fk_price_4 FOREIGN KEY(last_updated_by) REFERENCES item(item_id)
 18  , CONSTRAINT yn_price CHECK(active_flag IN ('Y', 'N')));

Table created.

SQL> 
SQL> -- CONFIRM
SQL> SET NULL ''
SQL> COLUMN table_name	 FORMAT A14
SQL> COLUMN column_id	 FORMAT 9999
SQL> COLUMN column_name  FORMAT A22
SQL> COLUMN data_type	 FORMAT A12
SQL> SELECT   table_name
  2  ,	      column_id
  3  ,	      column_name
  4  ,	      CASE
  5  		WHEN nullable = 'N' THEN 'NOT NULL'
  6  		ELSE ''
  7  	      END AS nullable
  8  ,	      CASE
  9  		WHEN data_type IN ('CHAR','VARCHAR2','NUMBER') THEN
 10  		  data_type||'('||data_length||')'
 11  		ELSE
 12  		  data_type
 13  	      END AS data_type
 14  FROM     user_tab_columns
 15  WHERE    table_name = 'PRICE'
 16  ORDER BY 2;

                         Column                                                 
Table Name     COLUMN_ID Name                   NULLABLE DATA_TYPE              
-------------- --------- ---------------------- -------- ------------           
PRICE                  1 PRICE_ID               NOT NULL NUMBER(22)             
PRICE                  2 ITEM_ID                NOT NULL NUMBER(22)             
PRICE                  3 PRICE_TYPE                      NUMBER(22)             
PRICE                  4 ACTIVE_FLAG            NOT NULL VARCHAR2(1)            
PRICE                  5 START_DATE             NOT NULL DATE                   
PRICE                  6 END_DATE                        DATE                   
PRICE                  7 AMOUNT                 NOT NULL NUMBER(22)             
PRICE                  8 CREATED_BY             NOT NULL NUMBER(22)             
PRICE                  9 CREATION_DATE          NOT NULL DATE                   
PRICE                 10 LAST_UPDATED_BY        NOT NULL NUMBER(22)             
PRICE                 11 LAST_UPDATE_DATE       NOT NULL DATE                   

11 rows selected.

SQL> 
SQL> COLUMN constraint_name   FORMAT A16
SQL> COLUMN search_condition  FORMAT A30
SQL> SELECT   uc.constraint_name
  2  ,	      uc.search_condition
  3  FROM     user_constraints uc INNER JOIN user_cons_columns ucc
  4  ON       uc.table_name = ucc.table_name
  5  AND      uc.constraint_name = ucc.constraint_name
  6  WHERE    uc.table_name = UPPER('price')
  7  AND      ucc.column_name = UPPER('active_flag')
  8  AND      uc.constraint_name = UPPER('yn_price')
  9  AND      uc.constraint_type = 'C';

Constraint Name  SEARCH_CONDITION                                               
---------------- ------------------------------                                 
YN_PRICE         active_flag IN ('Y', 'N')                                      

1 row selected.

SQL> 
SQL> -- STEP 3a
SQL> ALTER TABLE item RENAME COLUMN item_release_date TO release_date;

Table altered.

SQL> 
SQL> -- CONFIRM
SQL> SET NULL ''
SQL> COLUMN table_name	 FORMAT A14
SQL> COLUMN column_id	 FORMAT 9999
SQL> COLUMN column_name  FORMAT A22
SQL> COLUMN data_type	 FORMAT A12
SQL> SELECT   table_name
  2  ,	      column_id
  3  ,	      column_name
  4  ,	      CASE
  5  		WHEN nullable = 'N' THEN 'NOT NULL'
  6  		ELSE ''
  7  	      END AS nullable
  8  ,	      CASE
  9  		WHEN data_type IN ('CHAR','VARCHAR2','NUMBER') THEN
 10  		  data_type||'('||data_length||')'
 11  		ELSE
 12  		  data_type
 13  	      END AS data_type
 14  FROM     user_tab_columns
 15  WHERE    table_name = 'ITEM'
 16  ORDER BY 2;

                         Column                                                 
Table Name     COLUMN_ID Name                   NULLABLE DATA_TYPE              
-------------- --------- ---------------------- -------- ------------           
ITEM                   1 ITEM_ID                NOT NULL NUMBER(22)             
ITEM                   2 ITEM_BARCODE           NOT NULL VARCHAR2(14)           
ITEM                   3 ITEM_TYPE              NOT NULL NUMBER(22)             
ITEM                   4 ITEM_TITLE             NOT NULL VARCHAR2(60)           
ITEM                   5 ITEM_SUBTITLE                   VARCHAR2(60)           
ITEM                   6 ITEM_RATING            NOT NULL VARCHAR2(8)            
ITEM                   7 RELEASE_DATE           NOT NULL DATE                   
ITEM                   8 CREATED_BY             NOT NULL NUMBER(22)             
ITEM                   9 CREATION_DATE          NOT NULL DATE                   
ITEM                  10 LAST_UPDATED_BY        NOT NULL NUMBER(22)             
ITEM                  11 LAST_UPDATE_DATE       NOT NULL DATE                   

11 rows selected.

SQL> 
SQL> -- STEP 3b
SQL> INSERT INTO item
  2  ( ITEM_ID
  3  , ITEM_BARCODE
  4  , ITEM_TYPE
  5  , ITEM_TITLE
  6  , ITEM_SUBTITLE
  7  , ITEM_RATING
  8  , RELEASE_DATE
  9  , CREATED_BY
 10  , CREATION_DATE
 11  , LAST_UPDATED_BY
 12  , LAST_UPDATE_DATE)
 13  VALUES
 14  ( item_s1.NEXTVAL
 15  , '0000-00000-0'
 16  , (SELECT common_lookup_id
 17    FROM common_lookup
 18    WHERE common_lookup_type = 'DVD_WIDE_SCREEN')
 19  , 'Tron'
 20  , 'Legacy'
 21  , 'PG-13'
 22  , (TRUNC(SYSDATE) - 1)
 23  , 1
 24  , SYSDATE
 25  , 1
 26  , SYSDATE);

1 row created.

SQL> 
SQL> INSERT INTO item
  2  ( ITEM_ID
  3  , ITEM_BARCODE
  4  , ITEM_TYPE
  5  , ITEM_TITLE
  6  , ITEM_SUBTITLE
  7  , ITEM_RATING
  8  , RELEASE_DATE
  9  , CREATED_BY
 10  , CREATION_DATE
 11  , LAST_UPDATED_BY
 12  , LAST_UPDATE_DATE)
 13  VALUES
 14  ( item_s1.NEXTVAL
 15  , '0000-00000-1'
 16  , (SELECT common_lookup_id
 17    FROM common_lookup
 18    WHERE common_lookup_type = 'DVD_WIDE_SCREEN')
 19  , 'Ender''s Game'
 20  , ''
 21  , 'PG-13'
 22  , (TRUNC(SYSDATE) - 1)
 23  , 1
 24  , SYSDATE
 25  , 1
 26  , SYSDATE);

1 row created.

SQL> 
SQL> INSERT INTO item
  2  ( ITEM_ID
  3  , ITEM_BARCODE
  4  , ITEM_TYPE
  5  , ITEM_TITLE
  6  , ITEM_SUBTITLE
  7  , ITEM_RATING
  8  , RELEASE_DATE
  9  , CREATED_BY
 10  , CREATION_DATE
 11  , LAST_UPDATED_BY
 12  , LAST_UPDATE_DATE)
 13  VALUES
 14  ( item_s1.NEXTVAL
 15  , '0000-00000-2'
 16  , (SELECT common_lookup_id
 17  	FROM common_lookup
 18  	WHERE common_lookup_type = 'DVD_WIDE_SCREEN')
 19  , 'Elysium'
 20  , ''
 21  , 'PG-13'
 22  , (TRUNC(SYSDATE) - 1)
 23  , 1001
 24  , SYSDATE
 25  , 1001
 26  , SYSDATE);

1 row created.

SQL> 
SQL> -- CONFIRM
SQL> SELECT   i.item_title
  2  ,	      SYSDATE AS today
  3  ,	      i.release_date
  4  FROM     item i
  5  WHERE   (SYSDATE - i.release_date) < 31;

Item Title                 TODAY              RELEASE_DATE                      
-------------------------- ------------------ ------------------                
Tron                       02-JUN-18          01-JUN-18                         
Ender's Game               02-JUN-18          01-JUN-18                         
Elysium                    02-JUN-18          01-JUN-18                         

3 rows selected.

SQL> 
SQL> -- STEP 3c
SQL>  INSERT INTO member
  2  ( MEMBER_ID
  3  , MEMBER_TYPE
  4  , ACCOUNT_NUMBER
  5  , CREDIT_CARD_NUMBER
  6  , CREDIT_CARD_TYPE
  7  , CREATED_BY
  8  , CREATION_DATE
  9  , LAST_UPDATED_BY
 10  , LAST_UPDATE_DATE)
 11  VALUES
 12  ( member_s1.nextval
 13  , (SELECT common_lookup_id
 14  	FROM common_lookup
 15  	WHERE common_lookup_type = 'GROUP')
 16  , 'A000-0001'
 17  , '0000-0000-0000-0001'
 18  , (SELECT common_lookup_id
 19  	FROM common_lookup
 20  	WHERE common_lookup_type = 'VISA_CARD')
 21  , 1001
 22  , SYSDATE
 23  , 1001
 24  , SYSDATE);

1 row created.

SQL> 
SQL> -- Harry Poter
SQL> INSERT INTO contact
  2  ( CONTACT_ID
  3  , MEMBER_ID
  4  , CONTACT_TYPE
  5  , FIRST_NAME
  6  , MIDDLE_NAME
  7  , LAST_NAME
  8  , CREATED_BY
  9  , CREATION_DATE
 10  , LAST_UPDATED_BY
 11  , LAST_UPDATE_DATE)
 12  VALUES
 13  ( contact_s1.nextval
 14  , member_s1.currval
 15  , (SELECT common_lookup_id
 16  	FROM common_lookup
 17  	WHERE common_lookup_type = 'CUSTOMER')
 18  , 'Harry'
 19  , 'James'
 20  , 'Potter'
 21  , 1001
 22  , SYSDATE
 23  , 1001
 24  , SYSDATE);

1 row created.

SQL> 
SQL> INSERT INTO address
  2  ( ADDRESS_ID
  3  , CONTACT_ID
  4  , ADDRESS_TYPE
  5  , CITY
  6  , STATE_PROVINCE
  7  , POSTAL_CODE
  8  , CREATED_BY
  9  , CREATION_DATE
 10  , LAST_UPDATED_BY
 11  , LAST_UPDATE_DATE)
 12  VALUES
 13  ( address_s1.nextval
 14  , contact_s1.currval
 15  , (SELECT common_lookup_id
 16  	FROM common_lookup
 17  	WHERE common_lookup_type = 'HOME')
 18  , 'Provo'
 19  , 'Utah'
 20  , '84606'
 21  , 1001
 22  , SYSDATE
 23  , 1001
 24  , SYSDATE);

1 row created.

SQL> 
SQL> INSERT INTO street_address
  2  ( STREET_ADDRESS_ID
  3  , ADDRESS_ID
  4  , STREET_ADDRESS
  5  , CREATED_BY
  6  , CREATION_DATE
  7  , LAST_UPDATED_BY
  8  , LAST_UPDATE_DATE)
  9  VALUES
 10  ( street_address_s1.nextval
 11  , address_s1.currval
 12  , '123 Sesame Street'
 13  , 1001
 14  , SYSDATE
 15  , 1001
 16  , SYSDATE);

1 row created.

SQL> 
SQL> INSERT INTO telephone
  2  ( TELEPHONE_ID
  3  , CONTACT_ID
  4  , ADDRESS_ID
  5  , TELEPHONE_TYPE
  6  , COUNTRY_CODE
  7  , AREA_CODE
  8  , TELEPHONE_NUMBER
  9  , CREATED_BY
 10  , CREATION_DATE
 11  , LAST_UPDATED_BY
 12  , LAST_UPDATE_DATE)
 13  VALUES
 14  ( telephone_s1.nextval
 15  , contact_s1.currval
 16  , address_s1.currval
 17  , (SELECT common_lookup_id
 18  	FROM common_lookup
 19  	WHERE common_lookup_type = 'HOME')
 20  , 'USA'
 21  , '000'
 22  , '000-0001'
 23  , 1001
 24  , SYSDATE
 25  , 1001
 26  , SYSDATE);

1 row created.

SQL> 
SQL> -- Ginny Potter
SQL> INSERT INTO contact
  2  ( CONTACT_ID
  3  , MEMBER_ID
  4  , CONTACT_TYPE
  5  , FIRST_NAME
  6  , MIDDLE_NAME
  7  , LAST_NAME
  8  , CREATED_BY
  9  , CREATION_DATE
 10  , LAST_UPDATED_BY
 11  , LAST_UPDATE_DATE)
 12  VALUES
 13  ( contact_s1.nextval
 14  , member_s1.currval
 15  , (SELECT common_lookup_id
 16  	FROM common_lookup
 17  	WHERE common_lookup_type = 'CUSTOMER')
 18  , 'Ginny'
 19  , 'Weasly'
 20  , 'Potter'
 21  , 1001
 22  , SYSDATE
 23  , 1001
 24  , SYSDATE);

1 row created.

SQL> 
SQL> INSERT INTO address
  2  ( ADDRESS_ID
  3  , CONTACT_ID
  4  , ADDRESS_TYPE
  5  , CITY
  6  , STATE_PROVINCE
  7  , POSTAL_CODE
  8  , CREATED_BY
  9  , CREATION_DATE
 10  , LAST_UPDATED_BY
 11  , LAST_UPDATE_DATE)
 12  VALUES
 13  ( address_s1.nextval
 14  , contact_s1.currval
 15  , (SELECT common_lookup_id
 16  	FROM common_lookup
 17  	WHERE common_lookup_type = 'HOME')
 18  , 'Provo'
 19  , 'Utah'
 20  , '84606'
 21  , 1001
 22  , SYSDATE
 23  , 1001
 24  , SYSDATE);

1 row created.

SQL> 
SQL> INSERT INTO street_address
  2  ( STREET_ADDRESS_ID
  3  , ADDRESS_ID
  4  , STREET_ADDRESS
  5  , CREATED_BY
  6  , CREATION_DATE
  7  , LAST_UPDATED_BY
  8  , LAST_UPDATE_DATE)
  9  VALUES
 10  ( street_address_s1.nextval
 11  , address_s1.currval
 12  , '123 Sesame Street'
 13  , 1001
 14  , SYSDATE
 15  , 1001
 16  , SYSDATE);

1 row created.

SQL> 
SQL> INSERT INTO telephone
  2  ( TELEPHONE_ID
  3  , CONTACT_ID
  4  , ADDRESS_ID
  5  , TELEPHONE_TYPE
  6  , COUNTRY_CODE
  7  , AREA_CODE
  8  , TELEPHONE_NUMBER
  9  , CREATED_BY
 10  , CREATION_DATE
 11  , LAST_UPDATED_BY
 12  , LAST_UPDATE_DATE)
 13  VALUES
 14  ( telephone_s1.nextval
 15  , contact_s1.currval
 16  , address_s1.currval
 17  , (SELECT common_lookup_id
 18  	FROM common_lookup
 19  	WHERE common_lookup_type = 'HOME')
 20  , 'USA'
 21  , '000'
 22  , '000-0001'
 23  , 1001
 24  , SYSDATE
 25  , 1001
 26  , SYSDATE);

1 row created.

SQL> 
SQL> -- Lily Potter
SQL> INSERT INTO contact
  2  ( CONTACT_ID
  3  , MEMBER_ID
  4  , CONTACT_TYPE
  5  , FIRST_NAME
  6  , MIDDLE_NAME
  7  , LAST_NAME
  8  , CREATED_BY
  9  , CREATION_DATE
 10  , LAST_UPDATED_BY
 11  , LAST_UPDATE_DATE)
 12  VALUES
 13  ( contact_s1.nextval
 14  , member_s1.currval
 15  , (SELECT common_lookup_id
 16  	FROM common_lookup
 17  	WHERE common_lookup_type = 'CUSTOMER')
 18  , 'Lily'
 19  , 'Luna'
 20  , 'Potter'
 21  , 1001
 22  , SYSDATE
 23  , 1001
 24  , SYSDATE);

1 row created.

SQL> 
SQL> INSERT INTO address
  2  ( ADDRESS_ID
  3  , CONTACT_ID
  4  , ADDRESS_TYPE
  5  , CITY
  6  , STATE_PROVINCE
  7  , POSTAL_CODE
  8  , CREATED_BY
  9  , CREATION_DATE
 10  , LAST_UPDATED_BY
 11  , LAST_UPDATE_DATE)
 12  VALUES
 13  ( address_s1.nextval
 14  , contact_s1.currval
 15  , (SELECT common_lookup_id
 16  	FROM common_lookup
 17  	WHERE common_lookup_type = 'HOME')
 18  , 'Provo'
 19  , 'Utah'
 20  , '84606'
 21  , 1001
 22  , SYSDATE
 23  , 1001
 24  , SYSDATE);

1 row created.

SQL> 
SQL> INSERT INTO street_address
  2  ( STREET_ADDRESS_ID
  3  , ADDRESS_ID
  4  , STREET_ADDRESS
  5  , CREATED_BY
  6  , CREATION_DATE
  7  , LAST_UPDATED_BY
  8  , LAST_UPDATE_DATE)
  9  VALUES
 10  ( street_address_s1.nextval
 11  , address_s1.currval
 12  , '123 Sesame Street'
 13  , 1001
 14  , SYSDATE
 15  , 1001
 16  , SYSDATE);

1 row created.

SQL> 
SQL> INSERT INTO telephone
  2  ( TELEPHONE_ID
  3  , CONTACT_ID
  4  , ADDRESS_ID
  5  , TELEPHONE_TYPE
  6  , COUNTRY_CODE
  7  , AREA_CODE
  8  , TELEPHONE_NUMBER
  9  , CREATED_BY
 10  , CREATION_DATE
 11  , LAST_UPDATED_BY
 12  , LAST_UPDATE_DATE)
 13  VALUES
 14  ( telephone_s1.nextval
 15  , contact_s1.currval
 16  , address_s1.currval
 17  , (SELECT common_lookup_id
 18  	FROM common_lookup
 19  	WHERE common_lookup_type = 'HOME')
 20  , 'USA'
 21  , '000'
 22  , '000-0001'
 23  , 1001
 24  , SYSDATE
 25  , 1001
 26  , SYSDATE);

1 row created.

SQL> 
SQL> -- CONFIRM
SQL> COLUMN full_name FORMAT A20
SQL> COLUMN city      FORMAT A10
SQL> COLUMN state     FORMAT A10
SQL> SELECT   c.last_name || ', ' || c.first_name AS full_name
  2  ,	      a.city
  3  ,	      a.state_province AS state
  4  FROM     member m INNER JOIN contact c
  5  ON       m.member_id = c.member_id INNER JOIN address a
  6  ON       c.contact_id = a.contact_id INNER JOIN street_address sa
  7  ON       a.address_id = sa.address_id INNER JOIN telephone t
  8  ON       c.contact_id = t.contact_id
  9  WHERE    c.last_name = 'Potter';

Name                                                                            
(Last, First MI)     City       STATE                                           
-------------------- ---------- ----------                                      
Potter, Harry        Provo      Utah                                            
Potter, Ginny        Provo      Utah                                            
Potter, Lily         Provo      Utah                                            

3 rows selected.

SQL> 
SQL> -- STEP 3d
SQL> INSERT INTO rental VALUES
  2  ( rental_s1.nextval
  3  ,(SELECT	contact_id
  4    FROM	contact
  5    WHERE	last_name = 'Potter'
  6    AND	first_name = 'Harry')
  7  , TRUNC(SYSDATE), TRUNC(SYSDATE) + 1
  8  , 1001, SYSDATE, 1001, SYSDATE);

1 row created.

SQL> 
SQL> -- Harry Potter
SQL> INSERT INTO rental_item
  2  ( rental_item_id
  3  , rental_id
  4  , item_id
  5  , created_by
  6  , creation_date
  7  , last_updated_by
  8  , last_update_date)
  9  VALUES
 10  ( rental_item_s1.nextval
 11  , rental_s1.currval
 12  , (SELECT item_id
 13  	FROM item
 14  	WHERE item_title = 'Tron')
 15  , 1001, SYSDATE, 1001, SYSDATE);

1 row created.

SQL> 
SQL> INSERT INTO rental_item
  2  ( rental_item_id
  3  , rental_id
  4  , item_id
  5  , created_by
  6  , creation_date
  7  , last_updated_by
  8  , last_update_date)
  9  VALUES
 10  ( rental_item_s1.nextval
 11  , rental_s1.currval
 12  , (SELECT item_id
 13  	FROM item
 14  	WHERE item_title = 'Tron')
 15  , 1001, SYSDATE, 1001, SYSDATE);

1 row created.

SQL> 
SQL> INSERT INTO rental VALUES
  2  ( rental_s1.nextval
  3  ,(SELECT	contact_id
  4    FROM	contact
  5    WHERE	last_name = 'Potter'
  6    AND	first_name = 'Ginny')
  7  , TRUNC(SYSDATE), TRUNC(SYSDATE) + 3
  8  , 1001, SYSDATE, 1001, SYSDATE);

1 row created.

SQL> 
SQL> -- Ginerva Potter
SQL> INSERT INTO rental_item
  2  ( rental_item_id
  3  , rental_id
  4  , item_id
  5  , created_by
  6  , creation_date
  7  , last_updated_by
  8  , last_update_date)
  9  VALUES
 10  ( rental_item_s1.nextval
 11  , rental_s1.currval
 12  , (SELECT item_id
 13  	FROM item
 14  	WHERE item_title = 'Elysium')
 15  , 1001, SYSDATE, 1001, SYSDATE);

1 row created.

SQL> 
SQL> 
SQL> INSERT INTO rental VALUES
  2  ( rental_s1.nextval
  3  ,(SELECT	contact_id
  4    FROM	contact
  5    WHERE	last_name = 'Potter'
  6    AND	first_name = 'Lily')
  7  , TRUNC(SYSDATE), TRUNC(SYSDATE) + 5
  8  , 1001, SYSDATE, 1001, SYSDATE);

1 row created.

SQL> 
SQL> -- Lily Potter
SQL> INSERT INTO rental_item
  2  ( rental_item_id
  3  , rental_id
  4  , item_id
  5  , created_by
  6  , creation_date
  7  , last_updated_by
  8  , last_update_date)
  9  VALUES
 10  ( rental_item_s1.nextval
 11  , rental_s1.currval
 12  , (SELECT item_id
 13  	FROM item
 14  	WHERE item_title = 'Ender''s Game')
 15  , 1001, SYSDATE, 1001, SYSDATE);

1 row created.

SQL> 
SQL> -- CONFIRM
SQL> COLUMN full_name	FORMAT A18
SQL> COLUMN rental_id	FORMAT 9999
SQL> COLUMN rental_days FORMAT A14
SQL> COLUMN rentals	FORMAT 9999
SQL> COLUMN items	FORMAT 9999
SQL> SELECT   c.last_name||', '||c.first_name||' '||c.middle_name AS full_name
  2  ,	      r.rental_id
  3  ,	     (r.return_date - r.check_out_date) || '-DAY RENTAL' AS rental_days
  4  ,	      COUNT(DISTINCT r.rental_id) AS rentals
  5  ,	      COUNT(ri.rental_item_id) AS items
  6  FROM     rental r INNER JOIN rental_item ri
  7  ON       r.rental_id = ri.rental_id INNER JOIN contact c
  8  ON       r.customer_id = c.contact_id
  9  WHERE   (SYSDATE - r.check_out_date) < 15
 10  AND      c.last_name = 'Potter'
 11  GROUP BY c.last_name||', '||c.first_name||' '||c.middle_name
 12  ,	      r.rental_id
 13  ,	     (r.return_date - r.check_out_date) || '-DAY RENTAL'
 14  ORDER BY 2;

Name                Rent                                                        
(Last, First MI)    ID # RENTAL_DAYS    RENTALS ITEMS                           
------------------ ----- -------------- ------- -----                           
Potter, Harry Jame  1006 1-DAY RENTAL         1     2                           
s                                                                               
                                                                                
Potter, Ginny Weas  1007 3-DAY RENTAL         1     1                           
ly                                                                              
                                                                                
Potter, Lily Luna   1008 5-DAY RENTAL         1     1                           

3 rows selected.

SQL> 
SQL> 
SQL> -- STEP 4a
SQL> DROP INDEX common_lookup_n1;

Index dropped.

SQL> DROP INDEX common_lookup_u2;

Index dropped.

SQL> 
SQL> -- CONFIRM
SQL> COLUMN table_name FORMAT A14
SQL> COLUMN index_name FORMAT A20
SQL> SELECT   table_name
  2  ,	      index_name
  3  FROM     user_indexes
  4  WHERE    table_name = 'COMMON_LOOKUP';

Table Name     Index Name                                                       
-------------- --------------------                                             
COMMON_LOOKUP  PK_CLOOKUP_1                                                     

1 row selected.

SQL> 
SQL> -- STEP 4b
SQL> ALTER TABLE common_lookup
  2  ADD (common_lookup_table  VARCHAR2(30))
  3  ADD (common_lookup_column VARCHAR2(30))
  4  ADD (common_lookup_code   VARCHAR2(30));

Table altered.

SQL> 
SQL> -- CONFIRM
SQL> SET NULL ''
SQL> COLUMN table_name	 FORMAT A14
SQL> COLUMN column_id	 FORMAT 9999
SQL> COLUMN column_name  FORMAT A22
SQL> COLUMN data_type	 FORMAT A12
SQL> SELECT   table_name
  2  ,	      column_id
  3  ,	      column_name
  4  ,	      CASE
  5  		WHEN nullable = 'N' THEN 'NOT NULL'
  6  		ELSE ''
  7  	      END AS nullable
  8  ,	      CASE
  9  		WHEN data_type IN ('CHAR','VARCHAR2','NUMBER') THEN
 10  		  data_type||'('||data_length||')'
 11  		ELSE
 12  		  data_type
 13  	      END AS data_type
 14  FROM     user_tab_columns
 15  WHERE    table_name = 'COMMON_LOOKUP'
 16  ORDER BY 2;

                         Column                                                 
Table Name     COLUMN_ID Name                   NULLABLE DATA_TYPE              
-------------- --------- ---------------------- -------- ------------           
COMMON_LOOKUP          1 COMMON_LOOKUP_ID       NOT NULL NUMBER(22)             
COMMON_LOOKUP          2 COMMON_LOOKUP_CONTEXT  NOT NULL VARCHAR2(30)           
COMMON_LOOKUP          3 COMMON_LOOKUP_TYPE     NOT NULL VARCHAR2(30)           
COMMON_LOOKUP          4 COMMON_LOOKUP_MEANING  NOT NULL VARCHAR2(30)           
COMMON_LOOKUP          5 CREATED_BY             NOT NULL NUMBER(22)             
COMMON_LOOKUP          6 CREATION_DATE          NOT NULL DATE                   
COMMON_LOOKUP          7 LAST_UPDATED_BY        NOT NULL NUMBER(22)             
COMMON_LOOKUP          8 LAST_UPDATE_DATE       NOT NULL DATE                   
COMMON_LOOKUP          9 COMMON_LOOKUP_TABLE             VARCHAR2(30)           
COMMON_LOOKUP         10 COMMON_LOOKUP_COLUMN            VARCHAR2(30)           
COMMON_LOOKUP         11 COMMON_LOOKUP_CODE              VARCHAR2(30)           

11 rows selected.

SQL> 
SQL> -- STEP 4c
SQL> UPDATE common_lookup SET common_lookup_table = common_lookup_context
  2  WHERE  common_lookup_context != 'MULTIPLE';

18 rows updated.

SQL> UPDATE common_lookup SET common_lookup_table = 'ADDRESS'
  2  WHERE  common_lookup_context  = 'MULTIPLE';

2 rows updated.

SQL> 
SQL> UPDATE common_lookup SET common_lookup_column = common_lookup_context || '_TYPE'
  2  WHERE  (common_lookup_table = 'MEMBER' AND common_lookup_type IN ('INDIVIDUAL', 'GROUP'));

2 rows updated.

SQL> 
SQL> UPDATE common_lookup SET common_lookup_column = 'CREDIT_CARD_TYPE'
  2  WHERE  common_lookup_type	IN ('VISA_CARD', 'MASTER_CARD', 'DISCOVER_CARD');

3 rows updated.

SQL> 
SQL> UPDATE common_lookup SET common_lookup_column = 'ADDRESS_TYPE'
  2  WHERE  common_lookup_context = 'MULTIPLE';

2 rows updated.

SQL> 
SQL> UPDATE common_lookup SET common_lookup_column = common_lookup_context || '_TYPE'
  2  WHERE NOT common_lookup_context IN ('MEMBER', 'MULTIPLE');

13 rows updated.

SQL> 
SQL> INSERT INTO common_lookup
  2  ( COMMON_LOOKUP_ID
  3  , COMMON_LOOKUP_CONTEXT
  4  , COMMON_LOOKUP_TYPE
  5  , COMMON_LOOKUP_MEANING
  6  , CREATED_BY
  7  , CREATION_DATE
  8  , LAST_UPDATED_BY
  9  , LAST_UPDATE_DATE
 10  , COMMON_LOOKUP_TABLE
 11  , COMMON_LOOKUP_COLUMN
 12  , COMMON_LOOKUP_CODE)
 13  VALUES
 14  ( common_lookup_s1.nextval
 15  , 'TELEPHONE'
 16  , 'HOME'
 17  , 'Home phone number'
 18  , '1001', SYSDATE, 1001, SYSDATE
 19  , 'TELEPHONE'
 20  , 'TELEPHONE_TYPE'
 21  , '');

1 row created.

SQL> 
SQL> INSERT INTO common_lookup
  2  ( COMMON_LOOKUP_ID
  3  , COMMON_LOOKUP_CONTEXT
  4  , COMMON_LOOKUP_TYPE
  5  , COMMON_LOOKUP_MEANING
  6  , CREATED_BY
  7  , CREATION_DATE
  8  , LAST_UPDATED_BY
  9  , LAST_UPDATE_DATE
 10  , COMMON_LOOKUP_TABLE
 11  , COMMON_LOOKUP_COLUMN
 12  , COMMON_LOOKUP_CODE)
 13  VALUES
 14  ( common_lookup_s1.nextval
 15  , 'TELEPHONE'
 16  , 'WORK'
 17  , 'Work phone number'
 18  , '1001', SYSDATE, 1001, SYSDATE
 19  , 'TELEPHONE'
 20  , 'TELEPHONE_TYPE'
 21  , '');

1 row created.

SQL> 
SQL> UPDATE telephone
  2  SET telephone_type =
  3  (SELECT common_lookup_id
  4   FROM common_lookup
  5   WHERE common_lookup_table  = 'TELEPHONE'
  6  	AND common_lookup_type = 'HOME');

15 rows updated.

SQL> 
SQL> UPDATE address
  2  SET address_type =
  3  (SELECT common_lookup_id
  4   FROM   common_lookup
  5   WHERE  common_lookup_table  = 'ADDRESS'
  6  	AND  common_lookup_type = 'HOME');

15 rows updated.

SQL> 
SQL> -- CONFIRM
SQL> COLUMN common_lookup_table  FORMAT A14 HEADING "Common|Lookup Table"
SQL> COLUMN common_lookup_column FORMAT A14 HEADING "Common|Lookup Column"
SQL> COLUMN common_lookup_type	 FORMAT A8  HEADING "Common|Lookup|Type"
SQL> COLUMN count_dependent	 FORMAT 999 HEADING "Count of|Foreign|Keys"
SQL> COLUMN count_lookup	 FORMAT 999 HEADING "Count of|Primary|Keys"
SQL> SELECT   cl.common_lookup_table
  2  ,	      cl.common_lookup_column
  3  ,	      cl.common_lookup_type
  4  ,	      COUNT(a.address_id) AS count_dependent
  5  ,	      COUNT(DISTINCT cl.common_lookup_table) AS count_lookup
  6  FROM     address a RIGHT JOIN common_lookup cl
  7  ON       a.address_type = cl.common_lookup_id
  8  WHERE    cl.common_lookup_table = 'ADDRESS'
  9  AND      cl.common_lookup_column = 'ADDRESS_TYPE'
 10  AND      cl.common_lookup_type IN ('HOME','WORK')
 11  GROUP BY cl.common_lookup_table
 12  ,	      cl.common_lookup_column
 13  ,	      cl.common_lookup_type
 14  UNION
 15  SELECT   cl.common_lookup_table
 16  ,	      cl.common_lookup_column
 17  ,	      cl.common_lookup_type
 18  ,	      COUNT(t.telephone_id) AS count_dependent
 19  ,	      COUNT(DISTINCT cl.common_lookup_table) AS count_lookup
 20  FROM     telephone t RIGHT JOIN common_lookup cl
 21  ON       t.telephone_type = cl.common_lookup_id
 22  WHERE    cl.common_lookup_table = 'TELEPHONE'
 23  AND      cl.common_lookup_column = 'TELEPHONE_TYPE'
 24  AND      cl.common_lookup_type IN ('HOME','WORK')
 25  GROUP BY cl.common_lookup_table
 26  ,	      cl.common_lookup_column
 27  ,	      cl.common_lookup_type;

                              Common   Count of Count of                        
Common         Common         Lookup    Foreign  Primary                        
Lookup Table   Lookup Column  Type         Keys     Keys                        
-------------- -------------- -------- -------- --------                        
ADDRESS        ADDRESS_TYPE   HOME           15        1                        
ADDRESS        ADDRESS_TYPE   WORK            0        1                        
TELEPHONE      TELEPHONE_TYPE HOME           15        1                        
TELEPHONE      TELEPHONE_TYPE WORK            0        1                        

4 rows selected.

SQL> 
SQL> 
SQL> -- STEP 4d
SQL> ALTER TABLE common_lookup
  2  DROP COLUMN common_lookup_context;

Table altered.

SQL> 
SQL> ALTER TABLE common_lookup
  2  MODIFY common_lookup_table VARCHAR2(30) CONSTRAINT nn_clookup_lab_8 NOT NULL;

Table altered.

SQL> 
SQL> ALTER TABLE common_lookup
  2  MODIFY common_lookup_column VARCHAR2(30) CONSTRAINT nn_clookup_lab_9 NOT NULL;

Table altered.

SQL> 
SQL> -- CONFIRM
SQL> SET NULL ''
SQL> COLUMN table_name	 FORMAT A14
SQL> COLUMN column_id	 FORMAT 9999
SQL> COLUMN column_name  FORMAT A22
SQL> COLUMN data_type	 FORMAT A12
SQL> SELECT   table_name
  2  ,	      column_id
  3  ,	      column_name
  4  ,	      CASE
  5  		WHEN nullable = 'N' THEN 'NOT NULL'
  6  		ELSE ''
  7  	      END AS nullable
  8  ,	      CASE
  9  		WHEN data_type IN ('CHAR','VARCHAR2','NUMBER') THEN
 10  		  data_type||'('||data_length||')'
 11  		ELSE
 12  		  data_type
 13  	      END AS data_type
 14  FROM     user_tab_columns
 15  WHERE    table_name = 'COMMON_LOOKUP'
 16  ORDER BY 2;

                         Column                                                 
Table Name     COLUMN_ID Name                   NULLABLE DATA_TYPE              
-------------- --------- ---------------------- -------- ------------           
COMMON_LOOKUP          1 COMMON_LOOKUP_ID       NOT NULL NUMBER(22)             
COMMON_LOOKUP          2 COMMON_LOOKUP_TYPE     NOT NULL VARCHAR2(30)           
COMMON_LOOKUP          3 COMMON_LOOKUP_MEANING  NOT NULL VARCHAR2(30)           
COMMON_LOOKUP          4 CREATED_BY             NOT NULL NUMBER(22)             
COMMON_LOOKUP          5 CREATION_DATE          NOT NULL DATE                   
COMMON_LOOKUP          6 LAST_UPDATED_BY        NOT NULL NUMBER(22)             
COMMON_LOOKUP          7 LAST_UPDATE_DATE       NOT NULL DATE                   
COMMON_LOOKUP          8 COMMON_LOOKUP_TABLE    NOT NULL VARCHAR2(30)           
COMMON_LOOKUP          9 COMMON_LOOKUP_COLUMN   NOT NULL VARCHAR2(30)           
COMMON_LOOKUP         10 COMMON_LOOKUP_CODE              VARCHAR2(30)           

10 rows selected.

SQL> 
SQL> -- LAST PART
SQL> ALTER TABLE common_lookup ADD CONSTRAINT common_lookup_u2 UNIQUE (common_lookup_table, common_lookup_column, common_lookup_type);

Table altered.

SQL> 
SQL> -- CONFIRM
SQL> COLUMN table_name FORMAT A14
SQL> COLUMN index_name FORMAT A20
SQL> SELECT   table_name
  2  ,	      index_name
  3  FROM     user_indexes
  4  WHERE    table_name = 'COMMON_LOOKUP';

Table Name     Index Name                                                       
-------------- --------------------                                             
COMMON_LOOKUP  PK_CLOOKUP_1                                                     
COMMON_LOOKUP  COMMON_LOOKUP_U2                                                 

2 rows selected.

SQL> 
SQL> SPOOL OFF
